<?xml version="1.0" encoding="UTF-8" standalone="yes"?>
<beans xsi:schemaLocation="http://www.springframework.org/schema/beans http://www.springframework.org/schema/beans/spring-beans-3.0.xsd" xmlns="http://www.springframework.org/schema/beans" xmlns:xsi="http://www.w3.org/2001/XMLSchema-instance">
    <bean lazy-init="true" scope="singleton" class="scraper.AmazonScraper" id="AmazonScraper">
        <property name="runtimeSvc"><ref bean="runtimeService"/></property>
    	<property name="securitySvc"><ref bean="securityService"/></property> 
    </bean>
    <bean lazy-init="false" scope="singleton" class="com.wavemaker.runtime.service.reflect.ReflectServiceWire">
        <property value="AmazonScraper" name="serviceId"/>
        <property ref="JavaService" name="serviceType"/>
    </bean>
</beans>
