<?xml version="1.0" encoding="UTF-8" standalone="yes"?>
<service xmlns="http://www.activegrid.com/namespaces/ServiceDefinitions/1.0" id="AmazonWS" class="webservice.AmazonWS" CRUDService="false" type="JavaService" springFile="AmazonWS.spring.xml">
    <operation name="fetchLargeImage">
        <parameter name="requestUrl" typeRef="java.lang.String" isList="false"/>
        <return typeRef="java.lang.String" isList="false"/>
    </operation>
    <operation name="getAmazonItem">
        <return typeRef="webservice.AmazonWS.AmazonItem" isList="false"/>
    </operation>
    <operation name="getImageFromAsin">
        <parameter name="asin" typeRef="java.lang.String" isList="false"/>
        <return typeRef="java.lang.String" isList="false"/>
    </operation>
    <operation name="itemSearch">
        <parameter name="keywords" typeRef="java.lang.String" isList="false"/>
        <parameter name="page" typeRef="int" isList="false"/>
        <return typeRef="webservice.AmazonWS.AmazonSearchResults" isList="false"/>
    </operation>
    <dataobjects>
        <dataobject javaType="webservice.AmazonWS.AmazonItem" name="AmazonItem" supportsQuickData="false">
            <element name="asin" typeRef="java.lang.String" isList="false" allowNull="false"/>
            <element name="category" typeRef="java.lang.String" isList="false" allowNull="false"/>
            <element name="detailPageUrl" typeRef="java.lang.String" isList="false" allowNull="false"/>
            <element name="imageUrl" typeRef="java.lang.String" isList="false" allowNull="false"/>
            <element name="name" typeRef="java.lang.String" isList="false" allowNull="false"/>
        </dataobject>
        <dataobject javaType="webservice.AmazonWS.AmazonSearchResults" name="AmazonSearchResults" supportsQuickData="false">
            <element name="items" typeRef="webservice.AmazonWS.AmazonItem" isList="true" allowNull="false"/>
            <element name="totalItems" typeRef="int" isList="false" allowNull="false"/>
            <element name="totalPages" typeRef="int" isList="false" allowNull="false"/>
        </dataobject>
    </dataobjects>
</service>
