<?xml version="1.0" encoding="UTF-8" standalone="yes"?>
<beans xsi:schemaLocation="http://schema.cloudfoundry.org/spring http://schema.cloudfoundry.org/spring/cloudfoundry-spring-0.8.xsd http://www.springframework.org/schema/beans http://www.springframework.org/schema/beans/spring-beans-3.1.xsd" xmlns="http://www.springframework.org/schema/beans" xmlns:cloud="http://schema.cloudfoundry.org/spring" xmlns:xsi="http://www.w3.org/2001/XMLSchema-instance">
    <bean class="com.wavemaker.runtime.service.TypeManager" parent="typeManagerBase" scope="singleton" id="typeManager">
        <property name="types">
            <map merge="true">
                <entry key="AmazonScraper">
                    <list>
                        <value>org.jsoup.nodes.Element</value>
                    </list>
                </entry>
                <entry key="AmazonWS">
                    <list>
                        <value>webservice.AmazonWS.AmazonItem</value>
                        <value>webservice.AmazonWS.AmazonSearchResults</value>
                    </list>
                </entry>
                <entry key="securityService">
                    <list/>
                </entry>
                <entry key="soldoutazonDB">
                    <list>
                        <value>com.soldoutazondb.data.Category</value>
                        <value>com.soldoutazondb.data.Config</value>
                        <value>com.soldoutazondb.data.Node</value>
                        <value>com.soldoutazondb.data.Product</value>
                        <value>com.soldoutazondb.data.System</value>
                        <value>com.soldoutazondb.data.User</value>
                        <value>com.soldoutazondb.data.output.GetCategoryRtnType</value>
                        <value>com.soldoutazondb.data.output.GetProductsCountRtnType</value>
                    </list>
                </entry>
            </map>
        </property>
    </bean>
</beans>
