<!DOCTYPE hibernate-mapping PUBLIC "-//Hibernate/Hibernate Mapping DTD 3.0//EN" "http://hibernate.sourceforge.net/hibernate-mapping-3.0.dtd">
<hibernate-mapping>
    <class name="com.soldoutazondb.data.User" table="user" dynamic-insert="false" dynamic-update="false">
        <id name="id" type="integer">
            <column name="id"/>
            <generator class="identity"/>
        </id>
        <property name="username" type="string">
            <column name="username" length="11" not-null="true"/>
        </property>
        <property name="password" type="string">
            <column name="password" length="11" not-null="true"/>
        </property>
        <property name="role" type="string">
            <column name="role" length="11" not-null="true"/>
        </property>
        <property name="lastlogin" type="timestamp">
            <column name="lastlogin" not-null="true"/>
        </property>
    </class>
</hibernate-mapping>