<?xml version="1.0" encoding="UTF-8" standalone="yes"?>
<service xmlns="http://www.activegrid.com/namespaces/ServiceDefinitions/1.0" id="AmazonScraper" class="scraper.AmazonScraper" CRUDService="false" type="JavaService" springFile="AmazonScraper.spring.xml">
    <operation name="getProductFromAmazon">
        <parameter name="product" typeRef="org.jsoup.nodes.Element" isList="false"/>
        <parameter name="category" typeRef="java.lang.String" isList="false"/>
        <return typeRef="com.soldoutazondb.data.Product" isList="false"/>
    </operation>
    <operation name="parseAmazonCategory">
        <parameter name="category" typeRef="java.lang.String" isList="false"/>
    </operation>
    <operation name="parseAmazonCategoryObject">
        <parameter name="category" typeRef="com.soldoutazondb.data.Category" isList="false"/>
    </operation>
    <operation name="parseAmazonNode">
        <parameter name="node" typeRef="com.soldoutazondb.data.Node" isList="false"/>
        <return typeRef="com.soldoutazondb.data.Node" isList="false"/>
    </operation>
    <operation name="scrapeUrl">
        <parameter name="node" typeRef="com.soldoutazondb.data.Node" isList="false"/>
        <return typeRef="java.lang.String" isList="false"/>
    </operation>
    <dataobjects>
        <dataobject javaType="org.jsoup.nodes.Element" name="Element" supportsQuickData="false">
            <element name="allElements" typeRef="java.lang.Object" isList="true" allowNull="false"/>
            <element name="block" typeRef="boolean" isList="false" allowNull="false"/>
            <element name="outputSettings" typeRef="org.jsoup.nodes.Document.OutputSettings" isList="false" allowNull="false"/>
        </dataobject>
    </dataobjects>
</service>
