<?xml version="1.0" encoding="UTF-8" standalone="yes"?>
<beans xsi:schemaLocation="http://schema.cloudfoundry.org/spring http://schema.cloudfoundry.org/spring/cloudfoundry-spring-0.8.xsd http://www.springframework.org/schema/beans http://www.springframework.org/schema/beans/spring-beans-3.1.xsd" xmlns="http://www.springframework.org/schema/beans" xmlns:cloud="http://schema.cloudfoundry.org/spring" xmlns:xsi="http://www.w3.org/2001/XMLSchema-instance">
    <bean class="com.soldoutazondb.SoldoutazonDB" scope="singleton" lazy-init="true" id="soldoutazonDB">
        <property name="dataServiceManager">
            <ref bean="soldoutazonDBDataService"/>
        </property>
        <property name="taskManager">
            <ref bean="soldoutazonDBTaskMgr"/>
        </property>
    </bean>
    <bean class="com.wavemaker.runtime.data.spring.WMPropertyPlaceholderConfigurer">
        <property name="ignoreUnresolvablePlaceholders" value="true"/>
        <property name="locations">
            <list>
                <value>classpath:soldoutazonDB.properties</value>
            </list>
        </property>
    </bean>
    <bean class="org.springframework.jdbc.datasource.DriverManagerDataSource" lazy-init="true" id="soldoutazonDBDataSource">
        <property name="driverClassName" value="${soldoutazonDB.driverClassName}"/>
        <property name="url" value="${soldoutazonDB.connectionUrl}"/>
        <property name="username" value="${soldoutazonDB.username}"/>
        <property name="password" value="${soldoutazonDB.password}"/>
    </bean>
    <bean class="org.springframework.orm.hibernate3.HibernateTransactionManager" lazy-init="true" id="soldoutazonDBTxMgr">
        <property name="sessionFactory">
            <ref bean="soldoutazonDBSessionFactory"/>
        </property>
    </bean>
    <bean class="org.springframework.orm.hibernate3.HibernateTemplate" lazy-init="true" id="soldoutazonDBHibernateTemplate">
        <property name="sessionFactory">
            <ref bean="soldoutazonDBSessionFactory"/>
        </property>
    </bean>
    <bean class="com.wavemaker.runtime.data.spring.ConfigurationAndSessionFactoryBean" lazy-init="true" id="soldoutazonDBSessionFactory">
        <property name="name" value="soldoutazonDB"/>
        <property name="dataSource" ref="soldoutazonDBDataSource"/>
        <property name="hibernateProperties">
            <props>
                <prop key="hibernate.dialect">${soldoutazonDB.dialect}</prop>
                <prop key="hibernate.transaction.factory_class">
                    org.hibernate.transaction.JDBCTransactionFactory
                </prop>
                <prop key="hibernate.current_session_context_class">thread</prop>
            </props>
        </property>
        <property name="mappingResources">
            <list>
                <value>com/soldoutazondb/data/Category.hbm.xml</value>
                <value>com/soldoutazondb/data/Config.hbm.xml</value>
                <value>com/soldoutazondb/data/Node.hbm.xml</value>
                <value>com/soldoutazondb/data/Node.ql.xml</value>
                <value>com/soldoutazondb/data/Product.hbm.xml</value>
                <value>com/soldoutazondb/data/System.hbm.xml</value>
                <value>com/soldoutazondb/data/User.hbm.xml</value>
                <value>com/soldoutazondb/data/app-queries.ql.xml</value>
            </list>
        </property>
    </bean>
    <bean class="com.wavemaker.runtime.data.spring.SpringDataServiceManager" lazy-init="true" id="soldoutazonDBDataService">
        <constructor-arg>
            <value>soldoutazonDB</value>
        </constructor-arg>
        <constructor-arg>
            <ref bean="soldoutazonDBHibernateTemplate"/>
        </constructor-arg>
        <constructor-arg>
            <ref bean="soldoutazonDBTxMgr"/>
        </constructor-arg>
        <constructor-arg>
            <ref bean="soldoutazonDBTaskMgr"/>
        </constructor-arg>
        <constructor-arg>
            <map>
                <entry key="useIndividualCRUDOperations" value="false"/>
                <entry key="refreshEntities" value=""/>
            </map>
        </constructor-arg>
    </bean>
    <bean class="com.wavemaker.runtime.data.DefaultTaskManager" lazy-init="true" id="soldoutazonDBTaskMgr"/>
    <bean class="com.wavemaker.runtime.service.events.EventWire" lazy-init="false">
        <property name="serviceWire" ref="soldoutazonDBServiceWire"/>
        <property name="eventListener">
            <bean class="com.wavemaker.runtime.data.DataServiceEventListener"/>
        </property>
    </bean>
    <bean class="com.wavemaker.runtime.service.reflect.ReflectServiceWire" scope="singleton" lazy-init="false" id="soldoutazonDBServiceWire">
        <property name="serviceId" value="soldoutazonDB"/>
        <property name="serviceType" ref="DataService"/>
    </bean>
</beans>
