<!DOCTYPE hibernate-mapping PUBLIC "-//Hibernate/Hibernate Mapping DTD 3.0//EN" "http://hibernate.sourceforge.net/hibernate-mapping-3.0.dtd">
<hibernate-mapping>
    <class name="com.soldoutazondb.data.Config" table="config" dynamic-insert="false" dynamic-update="false">
        <id name="id" type="string">
            <column name="id" length="11"/>
            <generator class="assigned"/>
        </id>
        <property name="value" type="string">
            <column name="value" length="250" not-null="true"/>
        </property>
    </class>
</hibernate-mapping>