<!DOCTYPE hibernate-mapping PUBLIC "-//Hibernate/Hibernate Mapping DTD 3.0//EN" "http://hibernate.sourceforge.net/hibernate-mapping-3.0.dtd">
<hibernate-mapping>
    <class name="com.soldoutazondb.data.Product" table="product" dynamic-insert="false" dynamic-update="false">
        <id name="id" type="integer">
            <column name="id"/>
            <generator class="identity"/>
        </id>
        <property name="name" type="string">
            <column name="name" length="250"/>
        </property>
        <property name="asin" type="string">
            <column name="asin" length="15" not-null="true"/>
        </property>
        <property name="rank" type="integer">
            <column name="rank"/>
        </property>
        <property name="category" type="string">
            <column name="category" length="30"/>
        </property>
        <property name="lastupdate" type="date">
            <column name="lastupdate" length="10"/>
        </property>
    </class>
</hibernate-mapping>